<?xml version="1.0" encoding="utf-8"?>
<annotations>
  <version>1.1</version>
  <meta>
    <task>
      <id>101898</id>
      <name>Crowd-labelling</name>
      <size>31</size>
      <mode>annotation</mode>
      <overlap>0</overlap>
      <bugtracker></bugtracker>
      <created>2021-07-20 07:34:58.793360+01:00</created>
      <updated>2021-07-20 08:28:40.194974+01:00</updated>
      <start_frame>0</start_frame>
      <stop_frame>30</stop_frame>
      <frame_filter></frame_filter>
      <labels>
        <label>
          <name>person-head</name>
          <color>#485a11</color>
          <attributes>
          </attributes>
        </label>
        <label>
          <name>person</name>
          <color>#c06060</color>
          <attributes>
          </attributes>
        </label>
        <label>
          <name>person-hand</name>
          <color>#359431</color>
          <attributes>
          </attributes>
        </label>
      </labels>
      <segments>
        <segment>
          <id>147146</id>
          <start>0</start>
          <stop>30</stop>
          <url>http://cvat.org/?id=147146</url>
        </segment>
      </segments>
      <owner>
        <username>aparna</username>
        <email>aparna99work@gmail.com</email>
      </owner>
      <assignee></assignee>
    </task>
    <dumped>2021-07-20 08:28:51.485901+01:00</dumped>
  </meta>
  <image id="30" name="PennPed00096.png" width="294" height="331">
    <box label="person-head" occluded="0" source="manual" xtl="17.74" ytl="31.70" xbr="83.58" ybr="86.57" z_order="0">
    </box>
    <box label="person-head" occluded="0" source="manual" xtl="121.98" ytl="18.29" xbr="180.50" ybr="79.86" z_order="0">
    </box>
    <box label="person-head" occluded="0" source="manual" xtl="0.00" ytl="106.62" xbr="17.74" ybr="130.45" z_order="0">
    </box>
    <box label="person-hand" occluded="0" source="manual" xtl="3.11" ytl="82.24" xbr="37.86" ybr="214.58" z_order="0">
    </box>
    <box label="person-hand" occluded="0" source="manual" xtl="71.39" ytl="88.33" xbr="108.57" ybr="209.09" z_order="0">
    </box>
    <box label="person-hand" occluded="0" source="manual" xtl="94.55" ytl="77.36" xbr="124.42" ybr="203.60" z_order="0">
    </box>
    <box label="person-hand" occluded="0" source="manual" xtl="176.23" ytl="70.04" xbr="209.76" ybr="193.24" z_order="0">
    </box>
    <box label="person" occluded="0" source="manual" xtl="4.94" ytl="27.98" xbr="96.99" ybr="327.96" z_order="0">
    </box>
    <box label="person" occluded="0" source="manual" xtl="0.00" ytl="102.96" xbr="28.11" ybr="246.27" z_order="0">
    </box>
    <box label="person" occluded="0" source="manual" xtl="62.24" ytl="84.67" xbr="106.13" ybr="250.54" z_order="0">
    </box>
    <box label="person" occluded="0" source="manual" xtl="103.08" ytl="19.45" xbr="212.17" ybr="324.91" z_order="0">
    </box>
  </image>
  <image id="29" name="PennPed00095.png" width="512" height="375">
    <box label="person" occluded="0" source="manual" xtl="177.93" ytl="37.25" xbr="325.72" ybr="344.64" z_order="0">
    </box>
    <box label="person" occluded="0" source="manual" xtl="313.98" ytl="47.61" xbr="446.57" ybr="347.40" z_order="0">
    </box>
    <box label="person-hand" occluded="0" source="manual" xtl="188.98" ytl="102.86" xbr="246.30" ybr="231.38" z_order="0">
    </box>
    <box label="person-hand" occluded="0" source="manual" xtl="262.18" ytl="95.26" xbr="306.38" ybr="227.24" z_order="0">
    </box>
    <box label="person-hand" occluded="0" source="manual" xtl="311.22" ytl="97.33" xbr="356.11" ybr="201.68" z_order="0">
    </box>
    <box label="person-hand" occluded="0" source="manual" xtl="394.78" ytl="109.77" xbr="442.43" ybr="232.76" z_order="0">
    </box>
    <box label="person-head" occluded="0" source="manual" xtl="225.58" ytl="40.77" xbr="280.14" ybr="96.02" z_order="0">
    </box>
    <box label="person-head" occluded="0" source="manual" xtl="340.91" ytl="49.06" xbr="395.47" ybr="107.76" z_order="0">
    </box>
  </image>
  <image id="28" name="PennPed00094.png" width="422" height="349">
    <box label="person-head" occluded="0" source="manual" xtl="167.92" ytl="19.90" xbr="221.26" ybr="75.17" z_order="0">
    </box>
    <box label="person-hand" occluded="0" source="manual" xtl="126.78" ytl="78.38" xbr="200.69" ybr="167.08" z_order="0">
    </box>
    <box label="person-hand" occluded="0" source="manual" xtl="207.76" ytl="74.53" xbr="268.18" ybr="204.36" z_order="0">
    </box>
    <box label="person" occluded="0" source="manual" xtl="117.78" ytl="21.18" xbr="254.68" ybr="327.76" z_order="0">
    </box>
  </image>
  <image id="27" name="PennPed00093.png" width="368" height="311">
    <box label="person" occluded="0" source="manual" xtl="46.49" ytl="0.00" xbr="235.55" ybr="303.54" z_order="0">
    </box>
    <box label="person-hand" occluded="0" source="manual" xtl="108.92" ytl="59.55" xbr="173.70" ybr="166.65" z_order="0">
    </box>
    <box label="person-hand" occluded="0" source="manual" xtl="91.22" ytl="38.93" xbr="140.48" ybr="113.96" z_order="0">
    </box>
    <box label="person-head" occluded="0" source="manual" xtl="94.09" ytl="4.00" xbr="167.97" ybr="57.26" z_order="0">
    </box>
  </image>
  <image id="26" name="PennPed00092.png" width="600" height="447">
    <box label="person-head" occluded="0" source="manual" xtl="30.85" ytl="246.94" xbr="46.49" ybr="267.52" z_order="0">
    </box>
    <box label="person-head" occluded="0" source="manual" xtl="38.18" ytl="252.71" xbr="53.90" ybr="265.88" z_order="0">
    </box>
    <box label="person-head" occluded="0" source="manual" xtl="198.79" ytl="69.13" xbr="272.87" ybr="139.93" z_order="0">
    </box>
    <box label="person-head" occluded="0" source="manual" xtl="365.90" ytl="81.48" xbr="423.52" ybr="148.98" z_order="0">
    </box>
    <box label="person-hand" occluded="0" source="manual" xtl="221.75" ytl="125.93" xbr="276.17" ybr="207.43" z_order="0">
    </box>
    <box label="person-hand" occluded="0" source="manual" xtl="381.45" ytl="138.28" xbr="431.75" ybr="277.40" z_order="0">
    </box>
    <box label="person-hand" occluded="0" source="manual" xtl="41.47" ytl="268.35" xbr="53.08" ybr="284.81" z_order="0">
    </box>
    <box label="person-hand" occluded="0" source="manual" xtl="22.54" ytl="268.35" xbr="37.44" ybr="284.81" z_order="0">
    </box>
    <box label="person" occluded="0" source="manual" xtl="5.25" ytl="251.06" xbr="48.96" ybr="325.15" z_order="0">
    </box>
    <box label="person" occluded="0" source="manual" xtl="15.21" ytl="250.24" xbr="53.90" ybr="317.74" z_order="0">
    </box>
    <box label="person" occluded="0" source="manual" xtl="94.98" ytl="67.48" xbr="326.38" ybr="430.52" z_order="0">
    </box>
    <box label="person" occluded="0" source="manual" xtl="278.64" ytl="71.60" xbr="491.02" ybr="395.94" z_order="0">
    </box>
  </image>
  <image id="25" name="PennPed00091.png" width="372" height="324">
    <box label="person" occluded="0" source="manual" xtl="205.04" ytl="16.07" xbr="350.09" ybr="322.82" z_order="0">
    </box>
    <box label="person-hand" occluded="0" source="manual" xtl="283.20" ytl="74.54" xbr="333.39" ybr="173.65" z_order="0">
    </box>
    <box label="person-head" occluded="0" source="manual" xtl="252.24" ytl="16.13" xbr="311.31" ybr="74.60" z_order="0">
    </box>
  </image>
  <image id="24" name="PennPed00090.png" width="500" height="370">
    <box label="person-head" occluded="0" source="manual" xtl="49.69" ytl="29.99" xbr="117.14" ybr="89.96" z_order="0">
    </box>
    <box label="person-head" occluded="0" source="manual" xtl="98.06" ytl="18.41" xbr="154.62" ybr="77.69" z_order="0">
    </box>
    <box label="person-head" occluded="0" source="manual" xtl="242.52" ytl="27.27" xbr="295.67" ybr="85.87" z_order="0">
    </box>
    <box label="person-hand" occluded="0" source="manual" xtl="83.01" ytl="83.75" xbr="168.93" ybr="166.95" z_order="0">
    </box>
    <box label="person-hand" occluded="0" source="manual" xtl="70.74" ytl="87.16" xbr="140.99" ybr="149.24" z_order="0">
    </box>
    <box label="person-hand" occluded="0" source="manual" xtl="252.67" ytl="78.99" xbr="314.07" ybr="162.87" z_order="0">
    </box>
    <box label="person-hand" occluded="0" source="manual" xtl="296.96" ytl="78.30" xbr="363.81" ybr="196.94" z_order="0">
    </box>
    <box label="person" occluded="0" source="manual" xtl="90.50" ytl="19.02" xbr="213.90" ybr="363.20" z_order="0">
    </box>
    <box label="person" occluded="0" source="manual" xtl="38.78" ytl="25.22" xbr="200.27" ybr="348.21" z_order="0">
    </box>
    <box label="person" occluded="0" source="manual" xtl="203.68" ytl="27.27" xbr="387.66" ybr="329.13" z_order="0">
    </box>
  </image>
  <image id="23" name="PennPed00089.png" width="428" height="317">
    <box label="person" occluded="0" source="manual" xtl="74.44" ytl="17.46" xbr="170.24" ybr="295.99" z_order="0">
    </box>
    <box label="person" occluded="0" source="manual" xtl="135.80" ytl="1.17" xbr="309.77" ybr="310.58" z_order="0">
    </box>
    <box label="person-hand" occluded="0" source="manual" xtl="91.95" ytl="69.42" xbr="166.15" ybr="126.69" z_order="0">
    </box>
    <box label="person-hand" occluded="0" source="manual" xtl="135.15" ytl="60.08" xbr="208.19" ybr="162.88" z_order="0">
    </box>
    <box label="person-hand" occluded="0" source="manual" xtl="192.37" ytl="51.32" xbr="256.06" ybr="123.19" z_order="0">
    </box>
    <box label="person-head" occluded="0" source="manual" xtl="95.51" ytl="16.94" xbr="143.97" ybr="70.06" z_order="0">
    </box>
    <box label="person-head" occluded="0" source="manual" xtl="172.58" ytl="2.34" xbr="246.13" ybr="56.63" z_order="0">
    </box>
  </image>
  <image id="22" name="PennPed00088.png" width="375" height="320">
    <box label="person-head" occluded="0" source="manual" xtl="106.15" ytl="10.62" xbr="170.98" ybr="68.96" z_order="0">
    </box>
    <box label="person-hand" occluded="0" source="manual" xtl="66.08" ytl="77.75" xbr="162.14" ybr="160.90" z_order="0">
    </box>
    <box label="person-hand" occluded="0" source="manual" xtl="153.89" ytl="69.55" xbr="206.34" ybr="191.54" z_order="0">
    </box>
    <box label="person" occluded="0" source="manual" xtl="70.20" ytl="12.92" xbr="229.32" ybr="313.53" z_order="0">
    </box>
  </image>
  <image id="21" name="PennPed00087.png" width="325" height="343">
    <box label="person-hand" occluded="0" source="manual" xtl="24.78" ytl="63.75" xbr="65.84" ybr="169.94" z_order="0">
    </box>
    <box label="person-hand" occluded="0" source="manual" xtl="94.89" ytl="72.66" xbr="143.53" ybr="188.89" z_order="0">
    </box>
    <box label="person" occluded="0" source="manual" xtl="20.99" ytl="7.53" xbr="153.64" ybr="331.01" z_order="0">
    </box>
    <box label="person-head" occluded="0" source="manual" xtl="51.94" ytl="8.23" xbr="108.16" ybr="66.97" z_order="0">
    </box>
  </image>
  <image id="20" name="PennPed00086.png" width="474" height="354">
    <box label="person-head" occluded="0" source="manual" xtl="21.87" ytl="64.57" xbr="43.39" ybr="86.09" z_order="0">
    </box>
    <box label="person-head" occluded="0" source="manual" xtl="34.26" ytl="28.72" xbr="61.64" ybr="64.57" z_order="0">
    </box>
    <box label="person-head" occluded="0" source="manual" xtl="88.37" ytl="76.31" xbr="109.23" ybr="101.67" z_order="0">
    </box>
    <box label="person-head" occluded="0" source="manual" xtl="127.49" ytl="58.71" xbr="153.56" ybr="86.74" z_order="0">
    </box>
    <box label="person-head" occluded="0" source="manual" xtl="190.07" ytl="54.14" xbr="227.23" ybr="82.83" z_order="0">
    </box>
    <box label="person-head" occluded="0" source="manual" xtl="132.70" ytl="155.19" xbr="178.34" ybr="200.83" z_order="0">
    </box>
    <box label="person-head" occluded="0" source="manual" xtl="241.57" ytl="38.50" xbr="285.25" ybr="92.61" z_order="0">
    </box>
    <box label="person-head" occluded="0" source="manual" xtl="378.48" ytl="21.55" xbr="426.07" ybr="81.52" z_order="0">
    </box>
    <box label="person" occluded="0" source="manual" xtl="10.07" ytl="29.96" xbr="82.50" ybr="258.20" z_order="0">
    </box>
    <box label="person" occluded="0" source="manual" xtl="6.23" ytl="63.92" xbr="55.77" ybr="185.18" z_order="0">
    </box>
    <box label="person" occluded="0" source="manual" xtl="79.89" ytl="74.35" xbr="111.19" ybr="198.87" z_order="0">
    </box>
    <box label="person" occluded="0" source="manual" xtl="111.84" ytl="56.10" xbr="167.25" ybr="200.18" z_order="0">
    </box>
    <box label="person" occluded="0" source="manual" xtl="167.25" ytl="92.61" xbr="200.50" ybr="172.79" z_order="0">
    </box>
    <box label="person" occluded="0" source="manual" xtl="70.12" ytl="157.15" xbr="186.16" ybr="352.73" z_order="0">
    </box>
    <box label="person" occluded="0" source="manual" xtl="198.48" ytl="42.99" xbr="320.46" ybr="317.52" z_order="0">
    </box>
    <box label="person" occluded="0" source="manual" xtl="340.67" ytl="22.85" xbr="469.75" ybr="326.00" z_order="0">
    </box>
    <box label="person-hand" occluded="0" source="manual" xtl="111.77" ytl="198.81" xbr="154.21" ybr="251.03" z_order="0">
    </box>
    <box label="person-hand" occluded="0" source="manual" xtl="280.62" ytl="105.58" xbr="314.59" ybr="204.09" z_order="0">
    </box>
    <box label="person-hand" occluded="0" source="manual" xtl="205.72" ytl="85.44" xbr="244.18" ybr="192.35" z_order="0">
    </box>
    <box label="person-hand" occluded="0" source="manual" xtl="344.58" ytl="72.40" xbr="388.91" ybr="199.52" z_order="0">
    </box>
    <box label="person-hand" occluded="0" source="manual" xtl="420.20" ytl="75.66" xbr="463.23" ybr="202.13" z_order="0">
    </box>
    <box label="person-hand" occluded="0" source="manual" xtl="145.09" ytl="85.44" xbr="169.86" ybr="148.02" z_order="0">
    </box>
    <box label="person-hand" occluded="0" source="manual" xtl="177.03" ytl="79.57" xbr="214.84" ybr="136.22" z_order="0">
    </box>
    <box label="person-hand" occluded="0" source="manual" xtl="13.98" ytl="72.33" xbr="58.38" ybr="129.77" z_order="0">
    </box>
  </image>
  <image id="19" name="FudanPed00020.png" width="555" height="417">
    <box label="person-hand" occluded="0" source="manual" xtl="331.96" ytl="142.04" xbr="433.40" ybr="217.30" z_order="0">
    </box>
    <box label="person" occluded="0" source="manual" xtl="331.96" ytl="92.89" xbr="520.95" ybr="390.09" z_order="0">
    </box>
    <box label="person-head" occluded="0" source="manual" xtl="385.79" ytl="95.19" xbr="444.15" ybr="141.27" z_order="0">
    </box>
  </image>
  <image id="18" name="FudanPed00019.png" width="497" height="442">
    <box label="person" occluded="0" source="manual" xtl="2.61" ytl="130.98" xbr="152.47" ybr="392.36" z_order="0">
    </box>
    <box label="person" occluded="0" source="manual" xtl="168.67" ytl="115.52" xbr="354.34" ybr="424.92" z_order="0">
    </box>
    <box label="person-head" occluded="0" source="manual" xtl="35.99" ytl="135.05" xbr="85.72" ybr="182.34" z_order="0">
    </box>
    <box label="person-head" occluded="0" source="manual" xtl="215.96" ytl="114.78" xbr="304.69" ybr="190.48" z_order="0">
    </box>
    <box label="person-hand" occluded="0" source="manual" xtl="46.57" ytl="160.29" xbr="102.00" ybr="221.42" z_order="0">
    </box>
    <box label="person-hand" occluded="0" source="manual" xtl="259.02" ytl="167.61" xbr="320.15" ybr="250.72" z_order="0">
    </box>
  </image>
  <image id="17" name="FudanPed00018.png" width="253" height="323">
    <box label="person-hand" occluded="0" source="manual" xtl="28.33" ytl="70.74" xbr="106.25" ybr="183.22" z_order="0">
    </box>
    <box label="person" occluded="0" source="manual" xtl="12.86" ytl="14.82" xbr="133.02" ybr="309.93" z_order="0">
    </box>
    <box label="person-head" occluded="0" source="manual" xtl="22.97" ytl="16.01" xbr="81.86" ybr="68.42" z_order="0">
    </box>
  </image>
  <image id="16" name="FudanPed00017.png" width="266" height="342">
    <box label="person" occluded="0" source="manual" xtl="107.75" ytl="44.08" xbr="249.53" ybr="331.91" z_order="0">
    </box>
    <box label="person" occluded="0" source="manual" xtl="97.04" ytl="47.23" xbr="206.70" ybr="295.38" z_order="0">
    </box>
    <box label="person" occluded="0" source="manual" xtl="0.00" ytl="56.67" xbr="29.72" ybr="120.92" z_order="0">
    </box>
    <box label="person" occluded="0" source="manual" xtl="0.05" ytl="59.19" xbr="15.23" ybr="117.77" z_order="0">
    </box>
    <box label="person" occluded="0" source="manual" xtl="14.54" ytl="51.00" xbr="38.53" ybr="83.76" z_order="0">
    </box>
    <box label="person-head" occluded="0" source="manual" xtl="152.47" ytl="45.34" xbr="211.74" ybr="97.61" z_order="0">
    </box>
    <box label="person-head" occluded="0" source="manual" xtl="123.50" ytl="50.38" xbr="172.06" ybr="95.72" z_order="0">
    </box>
    <box label="person-head" occluded="0" source="manual" xtl="4.46" ytl="57.30" xbr="16.49" ybr="71.16" z_order="0">
    </box>
    <box label="person-hand" occluded="0" source="manual" xtl="124.76" ytl="107.69" xbr="206.07" ybr="202.16" z_order="0">
    </box>
    <box label="person-hand" occluded="0" source="manual" xtl="109.64" ytl="88.17" xbr="141.20" ybr="136.66" z_order="0">
    </box>
    <box label="person-hand" occluded="0" source="manual" xtl="23.98" ytl="57.93" xbr="37.27" ybr="71.16" z_order="0">
    </box>
  </image>
  <image id="15" name="FudanPed00016.png" width="544" height="425">
    <box label="person-hand" occluded="0" source="manual" xtl="409.75" ytl="132.99" xbr="430.88" ybr="198.03" z_order="0">
    </box>
    <box label="person-hand" occluded="0" source="manual" xtl="238.34" ytl="129.07" xbr="261.82" ybr="180.03" z_order="0">
    </box>
    <box label="person-hand" occluded="0" source="manual" xtl="287.65" ytl="129.86" xbr="305.65" ybr="173.77" z_order="0">
    </box>
    <box label="person-hand" occluded="0" source="manual" xtl="226.60" ytl="117.33" xbr="241.47" ybr="162.03" z_order="0">
    </box>
    <box label="person-hand" occluded="0" source="manual" xtl="480.97" ytl="141.60" xbr="498.97" ybr="188.64" z_order="0">
    </box>
    <box label="person-hand" occluded="0" source="manual" xtl="423.05" ytl="114.99" xbr="476.28" ybr="187.07" z_order="0">
    </box>
    <box label="person-hand" occluded="0" source="manual" xtl="81.02" ytl="139.25" xbr="173.37" ybr="244.99" z_order="0">
    </box>
    <box label="person-head" occluded="0" source="manual" xtl="116.24" ytl="74.29" xbr="174.94" ybr="136.98" z_order="0">
    </box>
    <box label="person-head" occluded="0" source="manual" xtl="237.56" ytl="90.02" xbr="264.95" ybr="121.33" z_order="0">
    </box>
    <box label="person-head" occluded="0" source="manual" xtl="263.38" ytl="97.85" xbr="294.69" ybr="126.02" z_order="0">
    </box>
    <box label="person-head" occluded="0" source="manual" xtl="313.48" ytl="88.45" xbr="363.57" ybr="137.76" z_order="0">
    </box>
    <box label="person-head" occluded="0" source="manual" xtl="357.31" ytl="101.76" xbr="380.79" ybr="132.28" z_order="0">
    </box>
    <box label="person-head" occluded="0" source="manual" xtl="384.70" ytl="98.63" xbr="417.57" ybr="136.20" z_order="0">
    </box>
    <box label="person-head" occluded="0" source="manual" xtl="421.49" ytl="100.19" xbr="470.80" ybr="145.59" z_order="0">
    </box>
    <box label="person-head" occluded="0" source="manual" xtl="446.53" ytl="98.55" xbr="491.93" ybr="142.46" z_order="0">
    </box>
    <box label="person" occluded="0" source="manual" xtl="73.19" ytl="76.63" xbr="217.21" ybr="389.01" z_order="0">
    </box>
    <box label="person" occluded="0" source="manual" xtl="226.60" ytl="96.28" xbr="269.65" ybr="193.33" z_order="0">
    </box>
    <box label="person" occluded="0" source="manual" xtl="236.77" ytl="93.15" xbr="309.56" ybr="258.30" z_order="0">
    </box>
    <box label="person" occluded="0" source="manual" xtl="268.86" ytl="90.80" xbr="407.40" ybr="364.74" z_order="0">
    </box>
    <box label="person" occluded="0" source="manual" xtl="350.26" ytl="97.85" xbr="409.75" ybr="258.30" z_order="0">
    </box>
    <box label="person" occluded="0" source="manual" xtl="380.79" ytl="97.85" xbr="434.01" ybr="263.78" z_order="0">
    </box>
    <box label="person" occluded="0" source="manual" xtl="427.00" ytl="100.98" xbr="493.49" ybr="371.79" z_order="0">
    </box>
    <box label="person" occluded="0" source="manual" xtl="399.57" ytl="100.12" xbr="499.76" ybr="388.22" z_order="0">
    </box>
    <box label="person" occluded="0" source="manual" xtl="456.71" ytl="112.64" xbr="506.02" ybr="268.47" z_order="0">
    </box>
  </image>
  <image id="14" name="FudanPed00015.png" width="336" height="349">
    <box label="person-head" occluded="0" source="manual" xtl="9.23" ytl="51.39" xbr="27.22" ybr="69.39" z_order="0">
    </box>
    <box label="person-head" occluded="0" source="manual" xtl="37.51" ytl="59.75" xbr="50.36" ybr="72.60" z_order="0">
    </box>
    <box label="person-head" occluded="0" source="manual" xtl="52.29" ytl="57.17" xbr="64.50" ybr="68.10" z_order="0">
    </box>
    <box label="person-head" occluded="0" source="manual" xtl="118.49" ytl="55.25" xbr="133.92" ybr="69.39" z_order="0">
    </box>
    <box label="person-head" occluded="0" source="manual" xtl="135.84" ytl="50.10" xbr="150.63" ybr="64.24" z_order="0">
    </box>
    <box label="person-head" occluded="0" source="manual" xtl="146.77" ytl="52.67" xbr="157.05" ybr="60.39" z_order="0">
    </box>
    <box label="person-head" occluded="0" source="manual" xtl="239.97" ytl="47.53" xbr="245.75" ybr="55.89" z_order="0">
    </box>
    <box label="person-head" occluded="0" source="manual" xtl="234.82" ytl="48.82" xbr="242.54" ybr="55.25" z_order="0">
    </box>
    <box label="person-head" occluded="0" source="manual" xtl="62.57" ytl="59.10" xbr="73.50" ybr="68.74" z_order="0">
    </box>
    <box label="person-head" occluded="0" source="manual" xtl="58.07" ytl="44.96" xbr="118.49" ybr="97.67" z_order="0">
    </box>
    <box label="person" occluded="0" source="manual" xtl="236.75" ytl="49.46" xbr="246.39" ybr="82.88" z_order="0">
    </box>
    <box label="person" occluded="0" source="manual" xtl="225.18" ytl="50.10" xbr="241.25" ybr="84.81" z_order="0">
    </box>
    <box label="person" occluded="0" source="manual" xtl="134.56" ytl="53.96" xbr="155.13" ybr="113.73" z_order="0">
    </box>
    <box label="person" occluded="0" source="manual" xtl="108.85" ytl="53.96" xbr="139.70" ybr="116.95" z_order="0">
    </box>
    <box label="person" occluded="0" source="manual" xtl="107.56" ytl="54.60" xbr="127.49" ybr="87.38" z_order="0">
    </box>
    <box label="person" occluded="0" source="manual" xtl="61.93" ytl="60.39" xbr="72.21" ybr="88.02" z_order="0">
    </box>
    <box label="person" occluded="0" source="manual" xtl="51.00" ytl="57.17" xbr="63.22" ybr="97.67" z_order="0">
    </box>
    <box label="person" occluded="0" source="manual" xtl="32.37" ytl="62.32" xbr="55.50" ybr="98.95" z_order="0">
    </box>
    <box label="person" occluded="0" source="manual" xtl="1.51" ytl="50.75" xbr="42.65" ybr="148.44" z_order="0">
    </box>
    <box label="person" occluded="0" source="manual" xtl="14.37" ytl="43.68" xbr="182.12" ybr="332.26" z_order="0">
    </box>
    <box label="person-hand" occluded="0" source="manual" xtl="51.00" ytl="101.52" xbr="93.42" ybr="225.57" z_order="0">
    </box>
    <box label="person-hand" occluded="0" source="manual" xtl="80.57" ytl="109.24" xbr="128.77" ybr="205.64" z_order="0">
    </box>
    <box label="person-hand" occluded="0" source="manual" xtl="19.51" ytl="73.88" xbr="60.00" ybr="106.66" z_order="0">
    </box>
    <box label="person-hand" occluded="0" source="manual" xtl="15.01" ytl="87.38" xbr="33.65" ybr="107.95" z_order="0">
    </box>
  </image>
  <image id="13" name="FudanPed00014.png" width="456" height="383">
    <box label="person" occluded="0" source="manual" xtl="225.87" ytl="81.06" xbr="412.08" ybr="370.32" z_order="0">
    </box>
    <box label="person" occluded="0" source="manual" xtl="278.77" ytl="79.65" xbr="438.17" ybr="356.21" z_order="0">
    </box>
    <box label="person-hand" occluded="0" source="manual" xtl="268.89" ytl="124.79" xbr="345.77" ybr="198.22" z_order="0">
    </box>
    <box label="person-hand" occluded="0" source="manual" xtl="336.61" ytl="133.26" xbr="369.76" ybr="189.75" z_order="0">
    </box>
    <box label="person-head" occluded="0" source="manual" xtl="271.01" ytl="82.47" xbr="335.19" ybr="135.44" z_order="0">
    </box>
    <box label="person-head" occluded="0" source="manual" xtl="324.61" ytl="80.36" xbr="383.86" ybr="129.80" z_order="0">
    </box>
  </image>
  <image id="12" name="FudanPed00013.png" width="652" height="498">
    <box label="person-head" occluded="0" source="manual" xtl="431.46" ytl="189.79" xbr="498.41" ybr="244.91" z_order="0">
    </box>
    <box label="person-hand" occluded="0" source="manual" xtl="409.44" ytl="254.91" xbr="459.89" ybr="356.80" z_order="0">
    </box>
    <box label="person-hand" occluded="0" source="manual" xtl="458.05" ytl="253.07" xbr="511.25" ybr="369.64" z_order="0">
    </box>
    <box label="person" occluded="0" source="manual" xtl="376.43" ytl="187.96" xbr="567.19" ybr="485.20" z_order="0">
    </box>
  </image>
  <image id="11" name="FudanPed00012.png" width="468" height="384">
    <box label="person-hand" occluded="0" source="manual" xtl="151.96" ytl="121.63" xbr="231.17" ybr="227.70" z_order="0">
    </box>
    <box label="person-hand" occluded="0" source="manual" xtl="348.56" ytl="53.74" xbr="417.87" ybr="117.38" z_order="0">
    </box>
    <box label="person" occluded="0" source="manual" xtl="148.43" ytl="62.22" xbr="308.25" ybr="367.02" z_order="0">
    </box>
    <box label="person" occluded="0" source="manual" xtl="318.15" ytl="53.74" xbr="454.64" ybr="335.90" z_order="0">
    </box>
    <box label="person-head" occluded="0" source="manual" xtl="204.30" ytl="66.47" xbr="267.94" ybr="126.58" z_order="0">
    </box>
    <box label="person-head" occluded="0" source="manual" xtl="370.48" ytl="55.15" xbr="426.35" ybr="95.46" z_order="0">
    </box>
  </image>
  <image id="10" name="FudanPed00011.png" width="459" height="420">
    <box label="person-head" occluded="0" source="manual" xtl="302.96" ytl="105.18" xbr="370.25" ybr="157.78" z_order="0">
    </box>
    <box label="person" occluded="0" source="manual" xtl="268.15" ytl="106.73" xbr="447.60" ybr="397.56" z_order="0">
    </box>
    <box label="person-hand" occluded="0" source="manual" xtl="330.81" ytl="157.01" xbr="396.55" ybr="252.14" z_order="0">
    </box>
    <box label="person-hand" occluded="0" source="manual" xtl="270.48" ytl="142.31" xbr="352.46" ybr="208.06" z_order="0">
    </box>
  </image>
  <image id="9" name="FudanPed00010.png" width="411" height="393">
    <box label="person" occluded="0" source="manual" xtl="274.96" ytl="83.89" xbr="406.68" ybr="377.80" z_order="0">
    </box>
    <box label="person" occluded="0" source="manual" xtl="257.59" ytl="93.30" xbr="400.89" ybr="357.54" z_order="0">
    </box>
    <box label="person-hand" occluded="0" source="manual" xtl="319.11" ytl="142.51" xbr="361.09" ybr="247.53" z_order="0">
    </box>
    <box label="person-head" occluded="0" source="manual" xtl="293.78" ytl="85.33" xbr="342.99" ybr="136.79" z_order="0">
    </box>
    <box label="person-head" occluded="0" source="manual" xtl="291.60" ytl="96.91" xbr="327.79" ybr="133.90" z_order="0">
    </box>
  </image>
  <image id="8" name="FudanPed00009.png" width="465" height="441">
    <box label="person" occluded="0" source="manual" xtl="150.43" ytl="119.32" xbr="304.82" ybr="403.66" z_order="0">
    </box>
    <box label="person" occluded="0" source="manual" xtl="297.43" ytl="129.07" xbr="461.56" ybr="433.71" z_order="0">
    </box>
    <box label="person" occluded="0" source="manual" xtl="161.88" ytl="151.89" xbr="180.56" ybr="208.74" z_order="0">
    </box>
    <box label="person" occluded="0" source="manual" xtl="174.06" ytl="154.33" xbr="190.30" ybr="208.74" z_order="0">
    </box>
    <box label="person" occluded="0" source="manual" xtl="181.37" ytl="154.33" xbr="196.80" ybr="206.30" z_order="0">
    </box>
    <box label="person" occluded="0" source="manual" xtl="191.12" ytl="154.33" xbr="205.73" ybr="203.05" z_order="0">
    </box>
    <box label="person" occluded="0" source="manual" xtl="241.47" ytl="157.57" xbr="260.15" ybr="199.81" z_order="0">
    </box>
    <box label="person" occluded="0" source="manual" xtl="296.70" ytl="153.51" xbr="324.31" ybr="204.68" z_order="0">
    </box>
    <box label="person" occluded="0" source="manual" xtl="332.43" ytl="151.89" xbr="355.17" ybr="193.31" z_order="0">
    </box>
    <box label="person" occluded="0" source="manual" xtl="438.01" ytl="149.45" xbr="457.50" ybr="182.75" z_order="0">
    </box>
    <box label="person" occluded="0" source="manual" xtl="327.56" ytl="159.20" xbr="344.61" ybr="186.81" z_order="0">
    </box>
    <box label="person" occluded="0" source="manual" xtl="455.07" ytl="150.26" xbr="464.00" ybr="173.82" z_order="0">
    </box>
    <box label="person" occluded="0" source="manual" xtl="355.09" ytl="153.43" xbr="368.17" ybr="178.69" z_order="0">
    </box>
    <box label="person" occluded="0" source="manual" xtl="311.23" ytl="151.81" xbr="324.31" ybr="173.00" z_order="0">
    </box>
    <box label="person-head" occluded="0" source="manual" xtl="161.88" ytl="153.51" xbr="172.44" ybr="164.88" z_order="0">
    </box>
    <box label="person-head" occluded="0" source="manual" xtl="173.25" ytl="153.51" xbr="182.99" ybr="166.51" z_order="0">
    </box>
    <box label="person-head" occluded="0" source="manual" xtl="182.99" ytl="154.33" xbr="193.55" ybr="168.13" z_order="0">
    </box>
    <box label="person-head" occluded="0" source="manual" xtl="191.04" ytl="155.06" xbr="199.24" ybr="166.51" z_order="0">
    </box>
    <box label="person-head" occluded="0" source="manual" xtl="243.01" ytl="159.93" xbr="256.90" ybr="171.38" z_order="0">
    </box>
    <box label="person-head" occluded="0" source="manual" xtl="299.86" ytl="156.68" xbr="317.00" ybr="170.57" z_order="0">
    </box>
    <box label="person-head" occluded="0" source="manual" xtl="446.86" ytl="151.00" xbr="458.31" ybr="160.01" z_order="0">
    </box>
    <box label="person-head" occluded="0" source="manual" xtl="339.66" ytl="155.06" xbr="351.92" ybr="166.51" z_order="0">
    </box>
    <box label="person-head" occluded="0" source="manual" xtl="360.78" ytl="155.06" xbr="367.35" ybr="161.64" z_order="0">
    </box>
    <box label="person-head" occluded="0" source="manual" xtl="331.54" ytl="160.74" xbr="341.36" ybr="169.76" z_order="0">
    </box>
    <box label="person-head" occluded="0" source="manual" xtl="314.48" ytl="153.43" xbr="321.87" ybr="163.26" z_order="0">
    </box>
    <box label="person-hand" occluded="0" source="manual" xtl="292.55" ytl="172.11" xbr="310.50" ybr="190.06" z_order="0">
    </box>
    <box label="person-hand" occluded="0" source="manual" xtl="313.67" ytl="170.49" xbr="328.37" ybr="188.44" z_order="0">
    </box>
    <box label="person-hand" occluded="0" source="manual" xtl="334.79" ytl="168.05" xbr="348.67" ybr="185.19" z_order="0">
    </box>
    <box label="person-hand" occluded="0" source="manual" xtl="329.10" ytl="168.05" xbr="341.37" ybr="181.94" z_order="0">
    </box>
    <box label="person-hand" occluded="0" source="manual" xtl="359.15" ytl="150.18" xbr="437.20" ybr="233.10" z_order="0">
    </box>
    <box label="person-hand" occluded="0" source="manual" xtl="192.66" ytl="172.11" xbr="227.66" ybr="287.52" z_order="0">
    </box>
  </image>
  <image id="7" name="FudanPed00008.png" width="388" height="454">
    <box label="person" occluded="0" source="manual" xtl="0.02" ytl="178.02" xbr="55.20" ybr="385.46" z_order="0">
    </box>
    <box label="person" occluded="0" source="manual" xtl="40.99" ytl="177.19" xbr="118.70" ybr="367.90" z_order="0">
    </box>
    <box label="person" occluded="0" source="manual" xtl="223.26" ytl="149.60" xbr="377.93" ybr="439.81" z_order="0">
    </box>
    <box label="person-hand" occluded="0" source="manual" xtl="26.77" ytl="223.17" xbr="45.17" ybr="293.49" z_order="0">
    </box>
    <box label="person-hand" occluded="0" source="manual" xtl="46.00" ytl="210.63" xbr="72.76" ybr="288.47" z_order="0">
    </box>
    <box label="person-hand" occluded="0" source="manual" xtl="285.10" ytl="208.12" xbr="319.40" ybr="329.40" z_order="0">
    </box>
    <box label="person-hand" occluded="0" source="manual" xtl="324.42" ytl="213.14" xbr="355.36" ybr="319.41" z_order="0">
    </box>
    <box label="person-hand" occluded="0" source="manual" xtl="82.79" ytl="217.32" xbr="95.33" ybr="255.87" z_order="0">
    </box>
    <box label="person-hand" occluded="0" source="manual" xtl="0.02" ytl="213.14" xbr="15.07" ybr="265.90" z_order="0">
    </box>
  </image>
  <image id="6" name="FudanPed00007.png" width="539" height="381">
    <box label="person" occluded="0" source="manual" xtl="102.45" ytl="64.49" xbr="231.62" ybr="352.24" z_order="0">
    </box>
    <box label="person" occluded="0" source="manual" xtl="310.84" ytl="103.08" xbr="352.30" ybr="196.47" z_order="0">
    </box>
    <box label="person" occluded="0" source="manual" xtl="371.88" ytl="72.91" xbr="537.55" ybr="379.60" z_order="0">
    </box>
    <box label="person" occluded="0" source="manual" xtl="424.58" ytl="61.75" xbr="539.00" ybr="359.25" z_order="0">
    </box>
    <box label="person" occluded="0" source="manual" xtl="340.31" ytl="103.78" xbr="364.94" ybr="174.72" z_order="0">
    </box>
    <box label="person-hand" occluded="0" source="manual" xtl="116.48" ytl="110.80" xbr="193.73" ybr="173.31" z_order="0">
    </box>
    <box label="person-hand" occluded="0" source="manual" xtl="339.61" ytl="122.02" xbr="353.01" ybr="159.98" z_order="0">
    </box>
    <box label="person-hand" occluded="0" source="manual" xtl="313.65" ytl="117.81" xbr="329.15" ybr="155.77" z_order="0">
    </box>
    <box label="person-hand" occluded="0" source="manual" xtl="373.99" ytl="131.15" xbr="465.98" ybr="236.46" z_order="0">
    </box>
    <box label="person-hand" occluded="0" source="manual" xtl="482.75" ytl="114.31" xbr="515.79" ybr="235.06" z_order="0">
    </box>
    <box label="person-head" occluded="0" source="manual" xtl="131.22" ytl="64.49" xbr="190.23" ybr="112.27" z_order="0">
    </box>
    <box label="person-head" occluded="0" source="manual" xtl="327.75" ytl="103.15" xbr="346.69" ybr="125.60" z_order="0">
    </box>
    <box label="person-head" occluded="0" source="manual" xtl="346.69" ytl="104.55" xbr="360.03" ybr="119.29" z_order="0">
    </box>
    <box label="person-head" occluded="0" source="manual" xtl="412.65" ytl="72.98" xbr="465.98" ybr="124.90" z_order="0">
    </box>
    <box label="person-head" occluded="0" source="manual" xtl="454.68" ytl="65.89" xbr="499.66" ybr="114.38" z_order="0">
    </box>
  </image>
  <image id="5" name="FudanPed00006.png" width="385" height="426">
    <box label="person" occluded="0" source="manual" xtl="0.29" ytl="106.67" xbr="88.15" ybr="390.67" z_order="0">
    </box>
    <box label="person" occluded="0" source="manual" xtl="22.25" ytl="86.27" xbr="106.98" ybr="371.84" z_order="0">
    </box>
    <box label="person" occluded="0" source="manual" xtl="201.12" ytl="102.75" xbr="357.25" ybr="391.45" z_order="0">
    </box>
    <box label="person" occluded="0" source="manual" xtl="242.71" ytl="82.35" xbr="359.60" ybr="371.05" z_order="0">
    </box>
    <box label="person-hand" occluded="0" source="manual" xtl="0.00" ytl="153.74" xbr="34.80" ybr="262.79" z_order="0">
    </box>
    <box label="person-hand" occluded="0" source="manual" xtl="205.05" ytl="152.17" xbr="305.47" ybr="222.78" z_order="0">
    </box>
    <box label="person-hand" occluded="0" source="manual" xtl="249.80" ytl="188.26" xbr="289.78" ybr="243.96" z_order="0">
    </box>
    <box label="person-head" occluded="0" source="manual" xtl="0.00" ytl="98.04" xbr="37.94" ybr="151.39" z_order="0">
    </box>
    <box label="person-head" occluded="0" source="manual" xtl="30.88" ytl="87.05" xbr="88.94" ybr="136.48" z_order="0">
    </box>
    <box label="person-head" occluded="0" source="manual" xtl="256.04" ytl="102.75" xbr="312.53" ybr="154.52" z_order="0">
    </box>
    <box label="person-head" occluded="0" source="manual" xtl="274.87" ytl="83.13" xbr="329.00" ybr="127.85" z_order="0">
    </box>
  </image>
  <image id="4" name="FudanPed00005.png" width="335" height="344">
    <box label="person-head" occluded="0" source="manual" xtl="218.82" ytl="49.41" xbr="270.13" ybr="103.90" z_order="0">
    </box>
    <box label="person-head" occluded="0" source="manual" xtl="3.42" ytl="46.25" xbr="28.13" ybr="65.88" z_order="0">
    </box>
    <box label="person" occluded="0" source="manual" xtl="178.27" ytl="47.51" xbr="329.68" ybr="340.83" z_order="0">
    </box>
    <box label="person" occluded="0" source="manual" xtl="0.89" ytl="46.25" xbr="49.67" ybr="160.91" z_order="0">
    </box>
    <box label="person" occluded="0" source="manual" xtl="0.00" ytl="60.82" xbr="21.20" ybr="165.35" z_order="0">
    </box>
    <box label="person-hand" occluded="0" source="manual" xtl="178.90" ytl="103.26" xbr="256.19" ybr="209.06" z_order="0">
    </box>
    <box label="person-hand" occluded="0" source="manual" xtl="23.63" ytl="69.05" xbr="40.16" ybr="114.67" z_order="0">
    </box>
    <box label="person-hand" occluded="0" source="manual" xtl="2.72" ytl="68.42" xbr="12.92" ybr="110.86" z_order="0">
    </box>
  </image>
  <image id="3" name="FudanPed00004.png" width="396" height="397">
    <box label="person" occluded="0" source="manual" xtl="0.00" ytl="59.21" xbr="37.90" ybr="190.10" z_order="0">
    </box>
    <box label="person" occluded="0" source="manual" xtl="7.89" ytl="56.29" xbr="59.07" ybr="181.31" z_order="0">
    </box>
    <box label="person" occluded="0" source="manual" xtl="163.62" ytl="43.86" xbr="329.60" ybr="345.10" z_order="0">
    </box>
    <box label="person" occluded="0" source="manual" xtl="206.02" ytl="80.41" xbr="332.51" ybr="324.61" z_order="0">
    </box>
    <box label="person-hand" occluded="0" source="manual" xtl="0.00" ytl="86.99" xbr="6.42" ybr="124.28" z_order="0">
    </box>
    <box label="person-hand" occluded="0" source="manual" xtl="12.27" ytl="88.46" xbr="32.74" ybr="132.32" z_order="0">
    </box>
    <box label="person-hand" occluded="0" source="manual" xtl="35.67" ytl="78.22" xbr="55.41" ybr="130.86" z_order="0">
    </box>
    <box label="person-hand" occluded="0" source="manual" xtl="187.01" ytl="107.50" xbr="254.28" ybr="176.19" z_order="0">
    </box>
    <box label="person-hand" occluded="0" source="manual" xtl="187.74" ytl="174.73" xbr="246.96" ybr="212.02" z_order="0">
    </box>
    <box label="person-head" occluded="0" source="manual" xtl="0.00" ytl="59.94" xbr="11.54" ybr="84.80" z_order="0">
    </box>
    <box label="person-head" occluded="0" source="manual" xtl="14.47" ytl="55.56" xbr="37.13" ybr="79.68" z_order="0">
    </box>
    <box label="person-head" occluded="0" source="manual" xtl="208.21" ytl="56.29" xbr="267.44" ybr="106.00" z_order="0">
    </box>
  </image>
  <image id="2" name="FudanPed00003.png" width="479" height="445">
    <box label="person-hand" occluded="0" source="manual" xtl="285.38" ytl="172.12" xbr="359.96" ybr="218.01" z_order="0">
    </box>
    <box label="person-hand" occluded="0" source="manual" xtl="300.95" ytl="185.23" xbr="382.08" ybr="259.81" z_order="0">
    </box>
    <box label="person-hand" occluded="0" source="manual" xtl="390.28" ytl="190.97" xbr="415.68" ybr="263.91" z_order="0">
    </box>
    <box label="person" occluded="0" source="manual" xtl="286.20" ytl="128.69" xbr="450.10" ybr="422.90" z_order="0">
    </box>
    <box label="person" occluded="0" source="manual" xtl="352.60" ytl="146.72" xbr="465.67" ybr="410.60" z_order="0">
    </box>
    <box label="person" occluded="0" source="manual" xtl="288.66" ytl="119.67" xbr="414.86" ybr="398.31" z_order="0">
    </box>
    <box label="person-head" occluded="0" source="manual" xtl="346.84" ytl="138.52" xbr="387.00" ybr="181.96" z_order="0">
    </box>
    <box label="person-head" occluded="0" source="manual" xtl="378.80" ytl="145.08" xbr="403.39" ybr="187.69" z_order="0">
    </box>
    <box label="person-head" occluded="0" source="manual" xtl="337.83" ytl="124.59" xbr="382.90" ybr="167.20" z_order="0">
    </box>
  </image>
  <image id="1" name="FudanPed00002.png" width="455" height="414">
    <box label="person-head" occluded="0" source="manual" xtl="110.83" ytl="87.65" xbr="153.53" ybr="138.74" z_order="0">
    </box>
    <box label="person-head" occluded="0" source="manual" xtl="148.19" ytl="95.28" xbr="183.26" ybr="143.31" z_order="0">
    </box>
    <box label="person" occluded="0" source="manual" xtl="65.09" ytl="78.50" xbr="192.41" ybr="386.53" z_order="0">
    </box>
    <box label="person" occluded="0" source="manual" xtl="126.08" ytl="89.94" xbr="228.25" ybr="375.09" z_order="0">
    </box>
    <box label="person-hand" occluded="0" source="manual" xtl="123.03" ytl="146.36" xbr="164.96" ybr="269.88" z_order="0">
    </box>
  </image>
  <image id="0" name="FudanPed00001.png" width="559" height="536">
    <box label="person" occluded="0" source="manual" xtl="157.08" ytl="171.79" xbr="304.16" ybr="433.38" z_order="0">
    </box>
    <box label="person" occluded="0" source="manual" xtl="412.75" ytl="161.92" xbr="539.10" ybr="491.62" z_order="0">
    </box>
    <box label="person-hand" occluded="0" source="manual" xtl="205.50" ytl="233.98" xbr="258.76" ybr="314.90" z_order="0">
    </box>
    <box label="person-hand" occluded="0" source="manual" xtl="465.06" ytl="230.03" xbr="509.48" ybr="373.16" z_order="0">
    </box>
    <box label="person-hand" occluded="0" source="manual" xtl="421.63" ytl="223.12" xbr="452.23" ybr="345.52" z_order="0">
    </box>
    <box label="person-head" occluded="0" source="manual" xtl="207.43" ytl="177.71" xbr="252.83" ybr="225.10" z_order="0">
    </box>
    <box label="person-head" occluded="0" source="manual" xtl="426.57" ytl="166.86" xbr="482.83" ybr="225.10" z_order="0">
    </box>
  </image>
</annotations>